{"FSM": {"1": [[-0.011791358010705886, 0.10381543157633522, -0.2131330602478683, 0.12680278047469046], 0.03619337401141327], "2": [[0.49930654955952547, -1.9672829759610253, 2.557523933787374, -1.0973940802522701], 0.21523461282750136], "3": [[1.2077850090762607, -4.788446997760868, 6.238335480096814, -2.67003280178582], 0.29709255300952386], "4": [[1.487999433977321, -5.857880220972708, 7.5714182711739815, -3.2125657375927457], 0.3726093780181771], "5": [[1.1245230163029478, -4.241292621851103, 5.231913842494439, -2.1096763646429118], 0.4261950936608982], "6": [[0.5951909670353709, -2.162471762304722, 2.5965902313375375, -1.0272102881437628], 0.5532295247107952], "7": [[0.3123619299009869, -1.0300050604738893, 1.1272966436186558, -0.40580085125499504], 0.636307603919782], "8": [[0.3446782151647262, -1.3067987714348814, 1.721833815521838, -0.7709210604098669], 0.7379507240119169], "9": [[-0.25235856791739963, 1.1437047708594674, -1.5617641292631788, 0.6652455975473438], 0.6371233225394292], "10": [[-0.31579424618083257, 1.3499382372825075, -1.7520551274033078, 0.7062881663230787], 0.6650718267690597], "11": [[0.4145569483548768, -1.6181752135793324, 2.1776197694229924, -0.98483302050122], 0.6162566612128597], "12": [[1.633191233503377, -6.552725688781738, 8.682746165352528, -3.7705639255323584], 0.6355029376558758], "13": [[2.208484162040306, -8.849792939537368, 11.665117735849742, -5.027861964041623], 0.5423864277661194], "14": [[1.9222346306046747, -7.849925213514636, 10.59764861671363, -4.6950469036260865], 0.6374975658990099], "15": [[0.7317849491042349, -3.1256011681595846, 4.524949980594067, -2.1753744858513935], 0.6986401145274184], "16": [[0.314715632062082, -1.599105334768289, 2.757499118070579, -1.5357741037864028], 0.7968443298012854], "17": [[1.4946236627508445, -6.621028248578976, 9.766730162271761, -4.742579287794274], 0.5836441278986738], "18": [[3.4895084253848885, -15.524173599796756, 22.93947029671094, -11.211668729817294], 0.33926641176666306], "19": [[-6.267274462039496, 31.22190378517342, -51.21154438999347, 27.711322870691355], 0.3496735333481025], "20": [[-6.927515368242815, 34.10628469505134, -55.28265347596923, 29.550547841645326], 0.5591074231486756]}, "LSO": {"1": [[-0.14216347939552024, 0.8070431432975264, -1.305252623978876, 0.6527381759191497], -0.15667017547183223], "2": [[-0.5780563566871867, 2.4813118949758146, -3.431269259701549, 1.5542077816287965], -0.240095798313435], "3": [[2.2462413302880804, -7.053807350607551, 6.952840040111697, -2.090720223162536], -0.31166463853615495], "4": [[3.7432952629612966, -12.010277749292523, 12.22393004481637, -3.877608827752851], -0.3279720409596869], "5": [[5.393989475524511, -17.712023732932483, 18.549970148425654, -6.121118463709509], -0.39840843714286056], "6": [[6.142755396761371, -20.406623738031794, 21.593851450992734, -7.1896087915548375], -0.48513380710406107], "7": [[10.646792803436213, -36.08092715156154, 39.21572629393359, -13.588798189287903], -0.6075368814240875], "8": [[13.724078143872763, -47.05623144310698, 51.815933448983564, -18.23844501501714], -0.7504316129435316], "9": [[15.180126162520628, -52.03131198003625, 57.2068725857103, -20.085524716660807], -0.8211753735632197], "10": [[15.911896925126769, -54.26485790212969, 59.28194766015648, -20.6399822819538], -0.86187912618354], "11": [[19.745337583069958, -66.69545963162982, 72.17833291900534, -24.931029381001462], -0.8076140427558846], "12": [[13.730750581643214, -49.753052411072844, 56.0548236276619, -19.727251310387246], -0.8222881322783209], "13": [[21.101441527036933, -71.80454969485885, 77.44209668457088, -26.446893299105277], -0.8399837600319613], "14": [[-36.13743672765692, 85.65920436696415, -66.8531376979782, 17.628911971554047], -0.8617114297869173], "15": [[-29.65179803775843, 66.60512360810029, -48.91970538825763, 12.22567017215762], -0.898219765028735], "16": [[16.05541755962926, -59.42696535984608, 65.90437352500274, -22.325756923783562], -0.9267741888534158], "17": [[100.23094749261834, -288.916555287379, 273.21884868950207, -84.37098880001656], -0.9282015342501342], "18": [[194.15877280641809, -543.988225315479, 502.878859123358, -152.92280237302134], -0.932503336720158], "19": [[349.1243022629436, -967.5818361406733, 887.3216153822797, -268.77461229730574], -0.9222056106039939], "20": [[610.8408581703128, -1657.7709636980603, 1492.0079464657647, -444.75597783817545], -0.9389426321463029]}, "MHL": {"1": [[-0.07144687142522367, 0.5353466864368385, -1.2586473750961313, 0.9435350969278574], 0.37744073252086374], "2": [[-0.18489158910766512, 1.3685141075615819, -3.1989729284115898, 2.391043740377068], 0.5299676196891426], "3": [[-0.3430313987225343, 2.510074729196838, -5.821544175553031, 4.323161176305548], 0.6414702539249902], "4": [[-0.2385212943597247, 1.7623044428023102, -4.012174786539945, 2.87590795486744], 0.7876626994202119], "5": [[-0.19855558025501577, 1.4928980094905249, -3.3539664826108164, 2.3337039918946387], 0.8377723856452157], "6": [[-0.11589971605325095, 0.9769149843106585, -2.248029886700223, 1.545060537992929], 0.8650881860755013], "7": [[-0.20132968781364774, 1.5684606130479395, -3.520560644012385, 2.4265073262355754], 0.8756435268838959], "8": [[-0.3755382702743571, 2.7791394522879864, -6.202793147492961, 4.357359450573678], 0.8971168120433414], "9": [[-0.29276557348737114, 2.2447191245582405, -4.990787970639983, 3.445294723975678], 0.9167985293817263], "10": [[-0.46503316159305724, 3.4070690629216034, -7.474369311553883, 5.16765194831842], 0.9112206580732711], "11": [[-1.4033402176254222, 9.166935886424772, -19.014281655969455, 12.753449706584478], 0.9095308665902396], "12": [[-1.7677769128363345, 11.293433284631096, -22.999572667083378, 15.186380838425718], 0.916029191532798], "13": [[-1.9412849494584745, 12.25638466286841, -24.641860615481285, 16.065977289400955], 0.9063767089776333], "14": [[-2.81727379647994, 17.139491908912117, -33.498795492185415, 21.332187339095192], 0.891497588671105], "15": [[-7.559812253369645, 44.160712485560616, -84.33227740206341, 52.96538087128111], 0.8734680913565933], "16": [[-9.172720944471884, 52.06423053077155, -96.69561341106215, 59.09337456325871], 0.8511626134789815], "17": [[-17.27388293501846, 96.71106550615949, -178.21020925628534, 108.46608353107342], 0.8425315413501706], "18": [[-21.76843308684108, 121.17408359652364, -222.27353653028183, 134.8037473485599], 0.7558478209669341], "19": [[-57.61693216933684, 312.5452180615595, -561.7183447864753, 334.9472840776301], 0.6769483106580261], "20": [[-62.18598899960923, 337.3323989654029, -606.4690155509952, 361.9006992558067], 0.5159808637925098]}, "NAM": {"1": [[-0.18416978559542083, 0.4835316689824192, -0.3260666574785103, 0.046014167878759206], -0.28843039758994066], "2": [[-0.3887444789473301, 1.0175186629890727, -0.6758590453057488, 0.0844560870117422], -0.35997752670711053], "3": [[-0.4949641883360541, 1.2308806801490215, -0.7095741646863856, 0.033857765313148915], -0.31193640104201115], "4": [[-0.49297079118235115, 1.170872998949463, -0.609590671313056, 0.018708306905129337], -0.3028849814658497], "5": [[-0.4971262715747829, 1.1375993718879844, -0.5511823894102745, 0.024049645042528354], -0.2848162183783376], "6": [[-0.6008346147290751, 1.340055955928138, -0.6265847811849443, 0.028006712834717656], -0.24487053514848012], "7": [[-0.6512616991622994, 1.4101562024453766, -0.6356385923659297, 0.043343079719369224], -0.17715356409880825], "8": [[-0.7222271292470829, 1.4893416656634473, -0.6165969108791802, 0.04773009119052283], -0.11598164218660086], "9": [[-1.122829330170784, 2.304688780182134, -1.0034761781027473, 0.05639091466792598], -0.02599996812638723], "10": [[-1.2150133097880589, 2.454588941358226, -1.0281730591661233, 0.06485006028661865], -0.044776849772889885], "11": [[-3.181936494205398, 6.4974781418642795, -3.0294316524846745, 0.06606383175430444], 0.013998800891055117],